race_id,no_change,gap_minus_pitloss,rejoin_gbm
2026-01-australian-grand-prix-race,0.3125,0.4375,0.40625
2026-02-chinese-grand-prix-race,0.2631578947368421,0.2631578947368421,0.3684210526315789
2026-03-japanese-grand-prix-race,0.3103448275862069,0.5517241379310345,0.6206896551724138
2026-04-miami-grand-prix-race,0.22727272727272727,0.7272727272727273,0.5
2026-05-canadian-grand-prix-race,0.38235294117647056,0.4117647058823529,0.35294117647058826
2026-06-monaco-grand-prix-race,0.5428571428571428,0.34285714285714286,0.5428571428571428
2026-07-barcelona-grand-prix-race,0.20833333333333334,0.5833333333333334,0.6041666666666666
2026-08-austrian-grand-prix-race,0.12195121951219512,0.6097560975609756,0.6341463414634146
2026-09-british-grand-prix-race,0.39215686274509803,0.5490196078431373,0.6078431372549019
2026-10-belgian-grand-prix-race,0.25,0.5,0.4642857142857143
2026-11-hungarian-grand-prix-race,0.1111111111111111,0.6444444444444445,0.6444444444444445
2026-12-dutch-grand-prix-race,0.13636363636363635,0.5909090909090909,0.45454545454545453
2026-13-italian-grand-prix-race,0.3333333333333333,0.5555555555555556,0.6666666666666666
2026-14-spanish-grand-prix-race,0.28,0.56,0.64
2026-15-azerbaijan-grand-prix-race,0.8611111111111112,0.2222222222222222,0.5
