race_id,base_rate,tyre_age_logit,gbm_hazard
2026-01-australian-grand-prix-race,0.1483538528649187,0.13776041865783298,0.13538215539732404
2026-02-chinese-grand-prix-race,0.09748581425964031,0.0876582850239714,0.08967718138272816
2026-03-japanese-grand-prix-race,0.11288823637924013,0.09253090239061613,0.08042511125134513
2026-04-miami-grand-prix-race,0.10407430840279909,0.08604725351026365,0.08114025469982646
2026-05-canadian-grand-prix-race,0.130982694981429,0.1281947189287784,0.12720781115275998
2026-06-monaco-grand-prix-race,0.16728437475824637,0.1943710094552227,0.15409579948159996
2026-07-barcelona-grand-prix-race,0.17290923516455844,0.16674402488307757,0.14215783670003254
2026-08-austrian-grand-prix-race,0.14293682226808083,0.12251754607267384,0.10558663188257385
2026-09-british-grand-prix-race,0.19917950844730561,0.20330609394869922,0.1905879955384324
2026-10-belgian-grand-prix-race,0.11956723588788168,0.09624059354333156,0.08530432386551619
2026-11-hungarian-grand-prix-race,0.1457597898692682,0.1315943873530014,0.1179508086428665
2026-12-dutch-grand-prix-race,0.1507217462117361,0.1361563525286651,0.12940406209378374
2026-13-italian-grand-prix-race,0.06189143284646401,0.061855482027482395,0.053580318671557096
2026-14-spanish-grand-prix-race,0.1131207813935084,0.10225023932360894,0.09869832985326639
2026-15-azerbaijan-grand-prix-race,0.16911564390736492,0.18951021191128095,0.15981750303452116
